{
	"id": "3449fb0c-9b6f-2fe1-58a1-7caa967ff82a",
	"name": "REST",
	"description": "",
	"order": [
		"15f62126-ec4f-9530-b425-5de0f121b534",
		"ff5f8ef4-ce19-366b-4fff-bd03c29ae09e",
		"4d562c87-a396-6a4f-135d-4b1fa2e36383",
		"876a1589-89d7-4c16-e67b-a1ff3ada572c",
		"0d9bd9e0-e4f1-eed4-d91e-e62da417c1e2",
		"724b20ea-449b-cf18-1923-eb79f71a15d0",
		"fb3c111d-f21a-72c5-2c38-0bebdd3d00dd",
		"10be37ec-46b7-877a-39ce-718af4bdcc73",
		"736fa990-f542-8753-5d16-80037f704582",
		"fe0c3bc5-d7d9-1b2d-418d-a0cd5bf05fe8",
		"c29dde6d-3411-dfff-bfbf-f0be8ca919c2",
		"9be3973c-06c4-b70f-1310-7d140b9cae1c"
	],
	"folders": [],
	"timestamp": 1490467205123,
	"owner": 0,
	"public": false,
	"requests": [
		{
			"id": "0d9bd9e0-e4f1-eed4-d91e-e62da417c1e2",
			"headers": "Content-Type: application/json\n",
			"url": "http://localhost:8080/students/5",
			"pathVariables": {},
			"preRequestScript": null,
			"method": "PATCH",
			"collectionId": "3449fb0c-9b6f-2fe1-58a1-7caa967ff82a",
			"data": [],
			"dataMode": "raw",
			"name": "http://localhost:8080/students/5",
			"description": "",
			"descriptionFormat": "html",
			"time": 1490494768489,
			"version": 2,
			"responses": [],
			"tests": null,
			"currentHelper": "normal",
			"helperAttributes": {},
			"rawModeData": "{ \n\t\"age\":22\n}"
		},
		{
			"id": "10be37ec-46b7-877a-39ce-718af4bdcc73",
			"headers": "",
			"url": "http://localhost:8080/students/search/",
			"pathVariables": {},
			"preRequestScript": null,
			"method": "GET",
			"collectionId": "3449fb0c-9b6f-2fe1-58a1-7caa967ff82a",
			"data": null,
			"dataMode": "params",
			"name": "http://localhost:8080/students/search/",
			"description": "After delet",
			"descriptionFormat": "html",
			"time": 1490494989386,
			"version": 2,
			"responses": [],
			"tests": null,
			"currentHelper": "normal",
			"helperAttributes": {}
		},
		{
			"id": "15f62126-ec4f-9530-b425-5de0f121b534",
			"headers": "",
			"url": "http://localhost:8080",
			"preRequestScript": null,
			"pathVariables": {},
			"method": "GET",
			"data": null,
			"dataMode": "params",
			"version": 2,
			"tests": null,
			"currentHelper": "normal",
			"helperAttributes": {},
			"time": 1490467266100,
			"name": "http://localhost:8080",
			"description": "",
			"collectionId": "3449fb0c-9b6f-2fe1-58a1-7caa967ff82a",
			"responses": []
		},
		{
			"id": "4d562c87-a396-6a4f-135d-4b1fa2e36383",
			"headers": "Content-Type: application/json\n",
			"url": "http://localhost:8080/students/",
			"pathVariables": {},
			"preRequestScript": null,
			"method": "POST",
			"collectionId": "3449fb0c-9b6f-2fe1-58a1-7caa967ff82a",
			"data": [],
			"dataMode": "raw",
			"name": "http://localhost:8080/students/",
			"description": "",
			"descriptionFormat": "html",
			"time": 1490494778081,
			"version": 2,
			"responses": [],
			"tests": null,
			"currentHelper": "normal",
			"helperAttributes": {},
			"rawModeData": "{ \"attendee\": \n\t{\"firstName\":\"Patrick\",\n\t\"lastName\":\"Joseph\"},\n\t\"fulltime\":true,\n\t\"age\":20\n}"
		},
		{
			"id": "724b20ea-449b-cf18-1923-eb79f71a15d0",
			"headers": "",
			"url": "localhost:8080/students/5",
			"pathVariables": {},
			"preRequestScript": null,
			"method": "GET",
			"collectionId": "3449fb0c-9b6f-2fe1-58a1-7caa967ff82a",
			"data": null,
			"dataMode": "params",
			"name": "localhost:8080/students/5",
			"description": "After patch",
			"descriptionFormat": "html",
			"time": 1490494906488,
			"version": 2,
			"responses": [],
			"tests": null,
			"currentHelper": "normal",
			"helperAttributes": {}
		},
		{
			"id": "736fa990-f542-8753-5d16-80037f704582",
			"headers": "",
			"url": "http://localhost:8080/students/search/findTop3ByOrderByAgeDesc",
			"pathVariables": {},
			"preRequestScript": null,
			"method": "GET",
			"collectionId": "3449fb0c-9b6f-2fe1-58a1-7caa967ff82a",
			"data": null,
			"dataMode": "params",
			"name": "http://localhost:8080/students/search/findTop3ByOrderByAgeDesc",
			"description": "",
			"descriptionFormat": "html",
			"time": 1490494527433,
			"version": 2,
			"responses": [],
			"tests": null,
			"currentHelper": "normal",
			"helperAttributes": {}
		},
		{
			"id": "876a1589-89d7-4c16-e67b-a1ff3ada572c",
			"headers": "",
			"url": "localhost:8080/students/5",
			"pathVariables": {},
			"preRequestScript": null,
			"method": "GET",
			"collectionId": "3449fb0c-9b6f-2fe1-58a1-7caa967ff82a",
			"data": null,
			"dataMode": "params",
			"name": "localhost:8080/students/5",
			"description": "",
			"descriptionFormat": "html",
			"time": 1490494759380,
			"version": 2,
			"responses": [],
			"tests": null,
			"currentHelper": "normal",
			"helperAttributes": {}
		},
		{
			"id": "9be3973c-06c4-b70f-1310-7d140b9cae1c",
			"headers": "",
			"url": "http://localhost:8080/courses",
			"pathVariables": {},
			"preRequestScript": null,
			"method": "GET",
			"collectionId": "3449fb0c-9b6f-2fe1-58a1-7caa967ff82a",
			"data": null,
			"dataMode": "params",
			"name": "http://localhost:8080/courses",
			"description": "Courses",
			"descriptionFormat": "html",
			"time": 1490467205123,
			"version": 2,
			"responses": [],
			"tests": null,
			"currentHelper": "normal",
			"helperAttributes": {}
		},
		{
			"id": "c29dde6d-3411-dfff-bfbf-f0be8ca919c2",
			"headers": "",
			"url": "http://localhost:8080/staffs",
			"pathVariables": {},
			"preRequestScript": null,
			"method": "GET",
			"collectionId": "3449fb0c-9b6f-2fe1-58a1-7caa967ff82a",
			"data": null,
			"dataMode": "params",
			"name": "http://localhost:8080/staffs",
			"description": "",
			"descriptionFormat": "html",
			"time": 1490495052545,
			"version": 2,
			"responses": [],
			"tests": null,
			"currentHelper": "normal",
			"helperAttributes": {}
		},
		{
			"id": "fb3c111d-f21a-72c5-2c38-0bebdd3d00dd",
			"headers": "",
			"url": "http://localhost:8080/students/5",
			"pathVariables": {},
			"preRequestScript": null,
			"method": "DELETE",
			"collectionId": "3449fb0c-9b6f-2fe1-58a1-7caa967ff82a",
			"data": null,
			"dataMode": "params",
			"name": "http://localhost:8080/students/5",
			"description": "",
			"descriptionFormat": "html",
			"time": 1490494859822,
			"version": 2,
			"responses": [],
			"tests": null,
			"currentHelper": "normal",
			"helperAttributes": {}
		},
		{
			"id": "fe0c3bc5-d7d9-1b2d-418d-a0cd5bf05fe8",
			"headers": "",
			"url": "http://localhost:8080/students/search/findByAgeLessThan",
			"pathVariables": {},
			"preRequestScript": null,
			"method": "GET",
			"collectionId": "3449fb0c-9b6f-2fe1-58a1-7caa967ff82a",
			"data": null,
			"dataMode": "params",
			"name": "http://localhost:8080/students/search/findByAgeLessThan",
			"description": "",
			"descriptionFormat": "html",
			"time": 1491947051807,
			"version": 2,
			"responses": [],
			"tests": null,
			"currentHelper": "normal",
			"helperAttributes": {}
		},
		{
			"id": "ff5f8ef4-ce19-366b-4fff-bd03c29ae09e",
			"headers": "",
			"url": "http://localhost:8080/students",
			"pathVariables": {},
			"preRequestScript": null,
			"method": "GET",
			"collectionId": "3449fb0c-9b6f-2fe1-58a1-7caa967ff82a",
			"data": null,
			"dataMode": "params",
			"name": "http://localhost:8080/students",
			"description": "",
			"descriptionFormat": "html",
			"time": 1490494815366,
			"version": 2,
			"responses": [],
			"tests": null,
			"currentHelper": "normal",
			"helperAttributes": {}
		}
	]
}